First,Last,full_name
Chelsea,Mitchell,"Mitchell, Dr. Chelsea R., Jr., PhD"
Brandon,Sylvester,"Sylvester, Dr. Brandon T. J. Avery, PhD, Esq."
Chris,Toussaint,"Toussaint, Dr. Chris A. M. ""Kit"", Jr."
Willie,Gotti,"Gotti, Willie"
Cristobal,Corona,"Corona, Dr. Cristobal J. III"
Wilmer,Diaz,"Diaz, Wilmer T."
Angela,Renee,"Renee, Angela Marie Lynn"
Duke,Duke,Duke Alexander Jonathan Duke III
Gonzales,Gricelda,"Gricelda, Gonzales"
Jaren,Celestine,"Celestine, Dr. Jaren E. L. Augustus, Jr."
Nathaniel,Smith,"Smith, Dr. Nathaniel James Alexander, Jr."
Farron,Tackno,"Tackno, Sir Farron E."
Kurt,Lopez,"Lopez, Dr. Kurt A. B., Jr."
Marlen,Ortega,"Ortega, Marlen Ivor Jameson III"
Tyler,Roninson,"Roninson, Tyler Alexander James"
Sullivan,Eudy,"Eudy, Sullivan J"
Kim,Brown,"Brown, Dr. Kim Alexander J., PhD"
Clyde,Davis,"Davis, Clyde Xavier (X-Man) Reed, Jr."
Mickey,Slaughter,"Slaughter Jr., Sir Mickey Jordan William ""The Ace"""
Keiwan,Knox,"Knox, Lord Keiwan J"
Gerson Misael,Maquin,"Maquin, Dr. Gerson Misael"
Aaron,Lopez,"Lopez, Dr. Aaron Michael Jonathan, Jr., PhD"
Michael,Dejean,"Dejean, Michael A."
Brittany,Thejawn,"Thejawn, Brittany Aiden"
Nguyen,Huy Bing,"Huy Bing, Dr. Nguyen T. Jr., PhD"
Puja,Rai,"Rai, Puja L. E. II"
Lamont,Taylor,"Taylor, Dr. Lamont A, Jr."
Don,Bishop,"Bishop Jr., Don Eliot James ""The Maverick"""
Darious,Franklin,"Franklin, Sir Darious ""The Falcon"" James Lee, Jr."
Jordyn,Glaspie,"Glaspie, Jordyn L"
Shionta,Carter,"Carter, Shionta J"
Keke,Jones,"Jones, Keke T. L. S."
Byron,Jones,"Jones, Dr. Byron Alexander 'Ace' Michael, III"
Caden,Stiles,"Stiles, Caden Alexander James IV"
Travis,Chelette,"Chelette, Travis M."
Ladybug,Ann,"Ann, Ladybug"
Coral,Comstock,"Comstock, Dr. Coral J, III"
شيماء,الغزالي,"
شيماء ""Star"" نور الدين الهادي الغزالي Jr."
Haidar,Haidar,Haidar Jamal Haidar III
Triston,Thompson,"Thompson Jr., Dr. Triston A"
رجل,لايعرف المستحيل,رجل سليم لايعرف المستحيل Jr.
عبدو,خالد,"خالد, عبده"
Mary,Riddle,"Riddle, Dr. Mary A, PhD"
Helo,,"Rivers, Helo J."
Krista,Brady,"Brady, Krista"
Traylin,Whiten,"Whiten, Dr. Traylin J, Jr."
Pop,,"Harrison, Pop T."
Vickie,Mickie,"Mickie, Dr. Vickie Anne, PhD"
اميره,الخالدي,"
الخالد, الأميرة (Ami) لين مرجان, II"
Dameion,Paul,"Paul, Dameion ""Ace"" L. T., Jr."
Pujalame,Jainsa,"Jainsa, Dr. Pujalame A. B., Jr."
Roz,Roz,Roz M Roz
Sneha,Pbt,"Pbt, Dr. Sneha Marie Lee, PhD"
Jessica,Williams,"Williams, Jessica Louise Amelia"
روان,علي,"علي, روان"
Bijili,Bijili,"Bijili ""Flash"" Kumar Bijili Jr."
Bhala,Ok,"Ok, Dr. Bhala J, III"
Julie Martin,Boykin,"Boykin, Dr. Julie Anne Marie"
زعيم,قامشلو,"Qamshlo, Leader A. M. (Zee)"
Jana,Freeh,"Freeh, Jana M."
Shillong Teer,King,"King, Dr. Shillong Teer Michael Jonathan 'Ace' King Jr., PhD"
Raju,Kumar,"Kumar, Dr. Raju A, Jr."
ﻗﺎﻫﺮ ﺍﻟﻨﺴﺎء,ﻗﺎﻫﺮ ﺍﻟﻨﺴﺎء,Dr. df3e8ee91ecc e8dedfe98e8ee91ecc df7e8eeebeae e8dedfee8eb4e8ee21
Debra,Krause,"Krause, Dr. Debra L, Sr., PhD"
ابو,علي العدواني,العدواني، أ. عبدالله (أبو) كريم حسني
Kartik,Sharma,"Sharma, Dr. Kartik J, Jr."
Hosman,Modonmai,"Modonmai, Dr. Hosman J. III, Esq."
Prashant K,Prs,"Prs, Prashant K"
حلبي,ازعر,"
{
  ""full_name"": ""ازعر, حلبي (\""Ally\"") محمد كريم""
}
"
Deep,Das,"Das, Dr. Deep Alexander, Jr."
Rockey,Bawa,"Bawa, Dr. Rockey J. Everett Jr., PhD"
Mari,Thomas,"Thomas, Dr. Mari Annette Louise, PhD, MD"
Roy,,"Hawthorne, Dr. Roy T., Jr., PhD"
Alexandra,Cruz,"Cruz, Dr. Alexandra J, Jr."
Shay,Gibson,"Gibson, Dr. Shay Alistair Donovan Jr."
Laci,Aliyah,"Aliyah, Laci B. Jameson"
Evelyn,Larsen,"Larsen, Evelyn Marie Annette, Jr."
Ratu,Salifa,"Salifa, Ratu ""Ray"" Aditya Kirana Jr."
John,Johnson,"Johnson, Dr. John Alexander Benjamin, Jr."
Krïßpy,Çhîpß,Krïßpy J Çhëepß
Maria,Snpm,"Snpm, Dr. Maria A, PhD"
Takirah,Carter,"Carter Jr., Takirah Star Marie Lynn"
Codyy,London,"London, Codyy J. Alexander"
Ezzat,Amin,"Amin, Ezzat Z. K. L."
Geraldine,Gloria,"Gloria, Dr. Geraldine L., Jr."
Ashley,Parker,"Parker, Ashley V (Ash) Jaxon"
Kim,Lee,"Lee, Dr. Kim A."
Thaw,Unsafe,"Unsafe, Thaw"
علاء علاء,ابو,"أبو, Title علاء علاء Suffix علاء علاء أبو, Suffix Suffix, Suffix علاء علاء أبو Suffix أبو, علاء علاء"
أحمد,المصطفى,"المصطفى, أحمد"
راما,الشاميه,"الشاميه, Title رام (Nickname) M M, Suffix"
Refif,Salem,"Salem II, Dr. Refif J, PhD"
ڪہٰٕٗﹻۛﹷٰﮩمعہٰٕٗﯠڸ,ﹾ٭ﹾ,"e7ee7e, e7be77bace0f (e8ce77) bace0f e74e77"
عمر,كدرو,"Hakim Al Kadero, Jr. عمر ""Omar"""
Aman,Kkc,"Kkc, Dr. Aman T. Jr., PhD"
Selina Adalyn,Sheila,"Sheila, Selina Adalyn"
Jokra,Ok,"Ok, Dr. Jokra A. K. Smith, Jr."
Ryan,Aliya,"Aliya, Dr. Ryan J, Sr."
Rebecca,Cruz,"Cruz, Rebecca Marie Annabelle"
Reda,El,"El, Dr. Reda J, Jr."
Yadira,Bautista Alonso,"Bautista Alonso, Dr. Yadira L"
Becca,Smith,"Smith, Becca"
Christine,Kortig,"Kortig, Dr. Christine L, PhD"
Gopal,Biswas,"Biswas, Dr. Gopal Anuj Nalin (G-Man), Jr."
Chumi,Chata,"Chata, Chumi"
Duera,Julone,"Julone, Dr. Duera A"
Karina,Hernadez,"Hernandez, Dr. Karina L. Jr., PhD"
Last,,"Last, First"
Muneeb,Malik,"Malik, Dr. Muneeb A. Jr."
Mohamad,Alhasn,"Alhasn, Mohamad J. R. Smith, Jr."
Fred,Gomez,"Gomez, Fred L, Jr."
حسن,نور,"نور, حسن A. Z."
Jalijah,Gray,"Gray, Dr. Jalijah T, Jr."
Trudy,Martina,"Martina, Dr. Trudy L., Jr."
Nathii,Contreräs,"Contreräs, Nathii J"
Kennedy,Smith,"Smith, Kennedy Jameson"
Nani,,"Williamson, Nani C."
Aman,Ali,"Ali, Aman"
Michael,Colemen,"Colemen, Esq. Michael J Jr."
ابو انس,انس,"أنس, Title أبو أنس (Nickname) Middle Middle, Suffix"
Klaudia,Koch,"Koch, Klaudia E."
Dham,Sa,"Sa, Dham X. II"
عبدو,عبدالله,"عبدالله, عبده"
Sumit,Singh,"Singh, Sumit R K"
Eva,Leanna,"Leanna, Dr. Eva Marie, PhD"
Tarek,Bekich,"Bekich, Dr. Tarek M"
Jessica,Jenkins,"Jenkins, Dr. Jessica Marie, III"
Luis,Catillo,"Catillo, Dr. Luis Anthony Jonathan, Jr."
Chardi,Williams,"Williams, Chardi Athena May"
Md,Rakib,"Rakib, Dr. Md Andaleeb Z. Jr."
مروه,علي,"علي, مروه"
أمير,العشاق,"العشاق, أمير"
Hulat,Halat,"Halat, Hulat James"
Tamia,Johnson,"Johnson, Tamia L."
Sanajy,Sahu,"Sahu, Dr. Sanajy E., Jr., Ph.D."
Markel,Moore,"Moore, Dr. Markel J., Jr., Ph.D."
Tia,Mudhaz,"Mudhaz, Tia Ivor ""Sunny"" Sinclair II"
Arjun,Holo,"Holo, Dr. Arjun C. D., Jr., PhD"
Marius,Gustav,"Gustav, Dr. Marius J., Jr."
حبل,الكذب قصير,"حبَل ""الأسد"" كريم عبدالله الكذب قصير الثالث"
Katrain,Katrain,"Katrain A. Katrain Jr., PhD"
Artemisia,Trevisan,"Trevisan, Dr. Artemisia J, PhD"
Courtney,Banks,"Banks, Dr. Courtney Alexander Bryce, PhD"
Shahi,Deshmukh,"Deshmukh, Dr. Shahi A, Jr."
Jamiie,Lewis,"Lewis, Dr. Jamiie R, Jr."
Abril,Valenzuela,"Valenzuela, Dr. Abril S. Jonathon, PhD"
静佳,長谷川,"長谷川, 静佳"
Garage,Garage,Garage M Garage
Justice,Young,"Young, Justice Alexander Monroe"
أحمد,حسن,"حسن, أحمد"
اناقة رجل شرقي,شرقي,"
شَرْقِي, أَنَاقَة رَجُل شَرْقِي"
Traficant,Doamor,"Doamor, Traficant A."
Noyon,Moni,"Moni, Noyon Everard Leighton"
كريستين,يلا,"يلا, Dr. كريستين M, Sr."
Anita,Geraldine,"Geraldine, Dr. Anita L, Jr."
Sudha,Sudha,"Patel, Dr. Sudha Rani ""Sunny"" Sudha III"
Nate,Tron,"Tron, Dr. Nate Alexander Bennett"
Ishana,Thompson,"Thompson, Dr. Ishana Marie ""Izzy"", Jr., Ph.D."
Gappu,Kumar,"Kumar, Gappu J."
Ponam,,"Whittaker, Ponam J., Jr."
Omar,Smart,"Smart, Dr. Omar J, Jr., PhD"
Sangeeta,Jain,"Jain, Sangeeta"
Hannah,Mills,"Mills, Dr. Hannah Lee, Jr."
Koko,Jeni,"Jeni, Koko A. B."
Sara,Weatherspoon,"Weatherspoon, Sara L."
Amarita,Hatuni,"Hatuni, Dr. Amarita J., III"
Gia,Hasan,"Hasan, Dr. Gia A, PhD III"
Patrice,Harding,"Harding, Dr. Patrice A. L. J., Sr."
Hero,,"Guardian, Hero A."
Yasmile,Villor,"Villor, Yasmile Alexandria Rae Montague III"
Ahmad,Ahmad,"Ahmad Jamal Ahmad, Dr. Ace Faris"
Cirilla,Russo,"Russo, Esq. Cirilla M IV"
Sakil,Charter,"Charter, Dr. Sakil A, Jr."
,কানামাছি মিথ্যা,"Mitra, Anik ""Sunny"" Rajiv"
Udvash,Unmesh,"Unmesh, Udvash"
Aml S,As,"As, Dr. Aml S 'Ace' Jordan Michael, Jr."
Trey,Condon,"Condon, Trey M"
Jihad,Shammari,"Shammari, Dr. Jihad Alexei Mahmoud, II"
Muhammad,Ayub,"Ayub, Dr. Muhammad Ali"
Nicki,Sanders,"Sanders, Dr. Nicki J, III"
Millie,Hale,"Hale, Millie Jeanette Lorraine, III"
Michelle,Thibault,"Thibault Jr., Dr. Michelle Annette ""Mimi"""
محمد,احمد,"
  محمد أحمد
  أحمد, محمد
  Firstname Middlename Lastname
  Title Firstname Middlename Lastname
"
Myria,Williams,"Williams, Myria A. L. Suffix"
Gabriele,Osterhagen,"Osterhagen, Dr. Gabriele J., Sr."
ملاك,زادي,"زادي, Dr. ملاك نور, PhD"
مريم,خالد,"خالد, مريم"
احمد,محمد,"
محمد, أحمد جيمز روبنسون الثالث"
Joseph,Gesus,"Gesus, Dr. Joseph Michael David, Jr."
علي,علي,"Ali ""The Swift"" J. M. Ali Jr., Sr."
Nik,Pik,"Pik, The Wizard Nik Aaron Chase, Jr."
واحشني,زماني,"زماني, Title واحشني (Nabil) Karim Ahmed"
Golu,Golu,"Golu ""Buddy"" Michael Andrew Golu Sr."
آيہهہم,آلعہيہسہئ,"آلعهيسهئ, Title آيههم Michael James ""The Innovator"" II"
Barbara,Souza,"Souza, Dr. Barbara Lynn, Jr."
Geetu,Pol,"Pol, Dr. Geetu A, Jr., PhD"
ألاء,علي,"علي, Title آلآء (Nickname) Middle Middle, Suffix"
Cory,Steps,"Steps, Dr. Cory (Ace) Alexander, Jr."
Wayne,Tanner,"Tanner, Wayne A. M."
وليد,أحمد,"
    أحمد, وليد
"
